標題,文章網址,圖片網址,內容摘要
豐心聚愛，益起同行-豐泰家庭日,https://www.agric.tw/blogs/%E9%A3%9F%E8%BE%B2%E6%95%99%E8%82%B2/1141122,https://cdn1.cybassets.com/s/files/14475/ckeditor/pictures/content_de3fc5d7-249e-44d9-94c1-7a64cf823434.jpg,"""有些行動，是為了成果；有些相聚，是為了記住初心。"""
開心農場 · 產地餐桌零距離,https://www.agric.tw/blogs/%E9%A3%9F%E8%BE%B2%E6%95%99%E8%82%B2/1140330,https://cdn1.cybassets.com/s/files/14475/ckeditor/pictures/content_e479de2d-5f05-4302-8913-2911b92f3d57.jpg,"""土地不會辜負每一雙認真耕耘的手。"""
百香果BOOM出新滋味,https://www.agric.tw/blogs/%E9%A3%9F%E8%BE%B2%E6%95%99%E8%82%B2/1140614,https://cdn1.cybassets.com/s/files/14475/ckeditor/pictures/content_622ad1aa-759e-468d-a825-f1cddaea55f0.JPG,一波果香「爆擊」悄悄在現場發生你，有接到嗎？
馬鈴薯大地尋寶趣．親子採收活動,https://www.agric.tw/blogs/%E9%A3%9F%E8%BE%B2%E6%95%99%E8%82%B2/1140301,https://cdn1.cybassets.com/s/files/14475/ckeditor/pictures/content_a0990cd2-cd7a-495f-97b7-4a9ea50f8133.jpg,"清晨的農場，空氣裡帶著泥土與露水的氣息。
熱情的志工夥伴們我們熟悉的「小黃人」早已陸續就定位，成功報"
入秋的再相見・永續你同行,https://www.agric.tw/blogs/%E9%A3%9F%E8%BE%B2%E6%95%99%E8%82%B2/251101,https://cdn1.cybassets.com/s/files/14475/ckeditor/pictures/content_db318791-5d3e-452e-86c7-46380acc09a7.jpg,入秋的再相見・永續你同行
作客農村・共煮永續,https://www.agric.tw/blogs/%E9%A3%9F%E8%BE%B2%E6%95%99%E8%82%B2/250922,https://cdn1.cybassets.com/s/files/14475/ckeditor/pictures/content_57e0b8b1-b9df-4b7e-b0fa-af31525eed6a.jpg,作客農村・共煮永續
2024年永續農業X友善食農,https://www.agric.tw/blogs/%E9%A3%9F%E8%BE%B2%E6%95%99%E8%82%B2/187404,https://cdn1.cybassets.com/s/files/14475/ckeditor/pictures/content_d3a3d65f-7ca5-4926-8157-7c904402469a.jpg,SDGs永續發展目標涵蓋環境、經濟、社會與治理四大面向，強調在追求經濟發展的同時，減少對自然資源的耗
和平國小｜米漢堡手作趣,https://www.agric.tw/blogs/%E9%A3%9F%E8%BE%B2%E6%95%99%E8%82%B2/182960,https://cdn1.cybassets.com/s/files/14475/ckeditor/pictures/content_44edaf57-4ce7-4bb2-a939-caa74414f67e.jpg,【和平國小】食農教育向前行!
企業志工X農遊挺小農,https://www.agric.tw/blogs/%E9%A3%9F%E8%BE%B2%E6%95%99%E8%82%B2/178364,https://cdn1.cybassets.com/s/files/14475/ckeditor/pictures/content_4a21b6de-1058-4d4d-b8f9-32ab60f130d0.jpg,現代消費者對於永續商品的購買有更高的支持度。根據《2024全球消費者洞察報告》調查顯示，即使生活成本
校園食育教案設計,https://www.agric.tw/blogs/%E9%A3%9F%E8%BE%B2%E6%95%99%E8%82%B2/178123,https://cdn1.cybassets.com/s/files/14475/ckeditor/pictures/content_32db0bbb-612d-40da-8200-da9b0593bacc.JPG,隨著「食農教育法」的訂定，以及教育政策課綱的持續修正，校園食農教育的推廣已成為提升學生綜合素養的途徑
有機栽培跟害蟲SayOut,https://www.agric.tw/blogs/%E9%A3%9F%E8%BE%B2%E6%95%99%E8%82%B2/178111,https://cdn1.cybassets.com/s/files/14475/ckeditor/pictures/content_727e05eb-18a3-4045-9677-9e8f462096c7.JPG,「研究報導指出，氣候溫度上升將造成害蟲大量蠶食農作物。」
日出而作插秧趣,https://www.agric.tw/blogs/%E9%A3%9F%E8%BE%B2%E6%95%99%E8%82%B2/178009,https://cdn1.cybassets.com/s/files/14475/ckeditor/pictures/content_bdd8884d-b9f1-45a0-b2ea-36a9205b6da9.jpg,這塊田等了好久，等待生命的到來，等待土地重新活過來。