標題,文章網址,圖片網址,摘要
獲頒農業部「農業永續ESG表揚」,https://www.agric.tw/blogs/%E6%9C%80%E6%96%B0%E6%B6%88%E6%81%AF/251212,,點擊查看詳情
【農業新食力】食農教育專業人員培訓,https://www.agric.tw/blogs/%E6%9C%80%E6%96%B0%E6%B6%88%E6%81%AF/187394,,點擊查看詳情
恭賀入圍「第一屆國家食農教育傑出貢獻獎」󠀠,https://www.agric.tw/blogs/%E6%9C%80%E6%96%B0%E6%B6%88%E6%81%AF/184923,,點擊查看詳情
恭賀榮獲「113年農糧產品行銷貢獻卓著企業及團體」,https://www.agric.tw/blogs/%E6%9C%80%E6%96%B0%E6%B6%88%E6%81%AF/184919,,點擊查看詳情
阿古力新春禮盒開放預購～,https://www.agric.tw/blogs/%E6%9C%80%E6%96%B0%E6%B6%88%E6%81%AF/86630,,點擊查看詳情
在地好物！源順食品正式上架,https://www.agric.tw/blogs/%E6%9C%80%E6%96%B0%E6%B6%88%E6%81%AF/84636,,點擊查看詳情
【物流調整公告】10/26起，將調整黑貓宅到店運費規則。,https://www.agric.tw/blogs/%E6%9C%80%E6%96%B0%E6%B6%88%E6%81%AF/82584,,點擊查看詳情
企業助學金加碼營養補給品發放－大成功！,https://www.agric.tw/blogs/%E6%9C%80%E6%96%B0%E6%B6%88%E6%81%AF/79519,,點擊查看詳情
有機水稻栽培講習會 報名額滿,https://www.agric.tw/blogs/%E6%9C%80%E6%96%B0%E6%B6%88%E6%81%AF/77367,,點擊查看詳情
阿古力響應台灣農產嘉年華！,https://www.agric.tw/blogs/%E6%9C%80%E6%96%B0%E6%B6%88%E6%81%AF/76030,,點擊查看詳情
您購買我捐贈－長愛家園育幼院,https://www.agric.tw/blogs/%E6%9C%80%E6%96%B0%E6%B6%88%E6%81%AF/78462,,點擊查看詳情
超商取貨調整公告,https://www.agric.tw/blogs/%E6%9C%80%E6%96%B0%E6%B6%88%E6%81%AF/69304,,點擊查看詳情